查询目标,样本SHA256,样本名称,环境,可疑进程,可疑释放文件
fget-career.com,0a93933ea53f2c563b07d0a1814f05419a51620f446880c41aca2c6657edfff6,0a93933ea53f2c563b07d0a1814f05419a51620f446880c41aca2c6657edfff6,"Win7(32bit,Office2013)",firefox.exe,
fget-career.com,0a93933ea53f2c563b07d0a1814f05419a51620f446880c41aca2c6657edfff6,0a93933ea53f2c563b07d0a1814f05419a51620f446880c41aca2c6657edfff6,"Win10(1903 64bit,Office2016)",explorer.exe; iexplore.exe,suggestions[1].zhCN; svchost.exe
fget-career.com,0a93933ea53f2c563b07d0a1814f05419a51620f446880c41aca2c6657edfff6,0a93933ea53f2c563b07d0a1814f05419a51620f446880c41aca2c6657edfff6,"Win7(32bit,Office)",iexplore.exe,
fget-career.com,ea8b12b31dd7820079f6eb0ae13bc0bb0a2f569762fd256d0a4aa165fa8c6537,653F17A2417FEDE47ED9C5A13BEF9B55,"Win10(1903 64bit,Office2016)",8c6537.exe,
fget-career.com,e2b54b53e5841af802a6aa89e7d06a8c6c1bc87c9ac58cb80f5ff872471d33f1,10DFDEA7231F6013D79A75932ED80C33,"Win10(1903 64bit,Office2016)",1d33f1.exe,
fget-career.com,50726b27a0e99dcbd6450e8eba51795c9a32a7a31887cd78297c41d6ca49b905,73cb1bae1e02aecfcb829b4fd32ba019,"Win10(1903 64bit,Office2016)",49b905.exe,
fget-career.com,4e580a2fc3f1957605cb971883349f5ce3edeeac711098ad1e3d0ab577a1d021,6384D043BB745F49664AB990C62B6CB7,"Win7(32bit,Office2013)",DesktopLayer.exe; a1d021.exe; a1d021Srv.exe; a1d021mgr.exe; firefox.exe; wininit.exe,DesktopLayer.exe; a1d021mgr.exe
fget-career.com,4e580a2fc3f1957605cb971883349f5ce3edeeac711098ad1e3d0ab577a1d021,6384D043BB745F49664AB990C62B6CB7,"Win10(1903 64bit,Office2016)",DesktopLayer.exe; a1d021.exe; a1d021Srv.exe; a1d021mgr.exe; explorer.exe; iexplore.exe,DesktopLayer.exe; a1d021mgr.exe
fget-career.com,15270378d6c7470c282c740ca28a8d2c3fcc25214f47b273fefc70c761fbe386,4b901a254607f5012bfe551a797a9730,"Win7(32bit,Office2013)",DesktopLayer.exe; explorer.exe; fbe386.exe; fbe386Srv.exe; firefox.exe,DesktopLayer.exe; Paint.exe; Paint.lnk
fget-career.com,15270378d6c7470c282c740ca28a8d2c3fcc25214f47b273fefc70c761fbe386,4b901a254607f5012bfe551a797a9730,"Win10(1903 64bit,Office2016)",7a9730.exe; 7a9730Srv.exe; DesktopLayer.exe; explorer.exe; iexplore.exe,DesktopLayer.exe; Paint.exe; Paint.lnk; hold.inf; vIntegratedOffice.ico
fget-career.com,f30e2f645e7a9f6c965543c1ea18144c274c9bb7f07e2ff8f318458673947974,abuiabblgaagpopz1quovm2wowi,"Win7(32bit,Office2013)",947974.exe; 947974Srv.exe; DesktopLayer.exe; firefox.exe,DesktopLayer.exe; dmlconf.dat
fget-career.com,f30e2f645e7a9f6c965543c1ea18144c274c9bb7f07e2ff8f318458673947974,abuiabblgaagpopz1quovm2wowi,"Win10(1903 64bit,Office2016)",947974.exe; 947974Srv.exe; DesktopLayer.exe; explorer.exe; iexplore.exe,DesktopLayer.exe; zhCN.1
fget-career.com,f30e2f645e7a9f6c965543c1ea18144c274c9bb7f07e2ff8f318458673947974,abuiabblgaagpopz1quovm2wowi,"Win7(64bit,Office2013)",947974.exe; 947974Srv.exe; DesktopLayer.exe; WerFault.exe; iexplore.exe,DesktopLayer.exe; Report.wer
fget-career.com,602c6a389d223ff1c2746397308a8bb1be380e95ebe1ade2a8950ae65afc506f,system_update.exe,"Win10(1903 64bit,Office2016)",cmd.exe; net.exe; net1.exe; schtasks.exe; system_update.ex.exe,VCRUNTIME140.dll; _bz2.pyd; _cffi_backend.cp313win_amd64.pyd; _ctypes.pyd; _decimal.pyd
fget-career.com,1d1f386ff82ec0d165e7573c3f0d650804d425326dac7feadffb12220caabfb4,Lokid inject[new!].exe,"Win7(32bit,Office2013)",DesktopLayer.exe; firefox.exe; taskkill.exe; 逻辑注入.exe; 逻辑注入Srv.exe,https_keylog.log; 逻辑注入Srv.exe
fget-career.com,1d1f386ff82ec0d165e7573c3f0d650804d425326dac7feadffb12220caabfb4,Lokid inject[new!].exe,"Win10(1903 64bit,Office2016)",DesktopLayer.exe; aabfb4.exe; aabfb4Srv.exe; iexplore.exe,DesktopLayer.exe
fget-career.com,5a9568dc6059e94489aa4338a3ffa8a676bde3bf61b7825188295e31f99b712d,abuiabblgaagpopz1quovm2wowi,"Win7(32bit,Office2013)",9b712d.exe; 9b712dSrv.exe; DesktopLayer.exe; firefox.exe,DesktopLayer.exe; dmlconf.dat
